Logo,Title,Company,Location,Salary,Description,Apply Link
https://d2q79iu7y748jz.cloudfront.net/s/_logo/3f370e95da6ca185f8b87672c8dc7865,IT Developer I,Hennepin County,"Minneapolis, MN","$58,420 - $87,628 a year","The Enterprise IT Development team is seeking 2 team-oriented developers to join the FileNet Scrum team. Members of this team work together to deliver FileNet functionality to customers countywide. They develop a functionality plan, configure out of the box FileNet tools, write custom code, ensure thorough testing and ultimately work to deliver customer satisfaction. This job is a match for you if you love developing collaboratively, have a passion for what you do, and enjoy working directly with customers one on one, in small groups, and via public presentation opportunities.About this position type:This is a full-time, benefit earning position.Location and hours:Currently, this position is working remotely during the COVID-19 pandemic. Work hours will primarily be Monday through Friday, between the hours of 9 a.m. – 5 p.m., hours are flexible and may vary.In this position, you will:Work collaboratively with teammates to deliver FileNet functionality to customers county-wide.Configure out of the box FileNet Content Navigator, Case Manager, Enterprise Records, and other tools.Write custom apps and plug-ins using Java and JavaScript.Ensure that solutions meet and exceed customer expectations.Write product backlog items to accurately reflect requested work.Participate in all team meetings and collaborate to continually improve team processes and productivity.Need to have:One of the following:Two-year college/vocational technical degree in a technology field or approved information technology certificate.Completion of five or more college/vocational technical technology courses.Completion of approved IT Hennepin County internship and 1 year or more of technology experience.Bachelor's degree or higher in a technology field.2 years or more of technology experience.Nice to have:Experience with one or more of the following:Object Oriented Programming background, preferably in Java or JavaScript.Web application programming, preferably J2EE and JSP.The FileNet suite of tools.Automating quality assurance and testing practices.Working on a collaborative team.Providing technical support, maintenance, or updates on Hennepin County systems.Knowledge of:Scrum.Behavior Driven Design/Test Driven Design.User Experience (UX) design.About the department:Technology is the foundation of our work – and the work of every county employee. The Information Technology department is here to help our employees work smarter, faster and better. They are made up of 6 divisions: business solutions, enterprise architecture, enterprise development, finance and support services, operations, and special projects.About Hennepin County:Hennepin is the largest county government organization in Minnesota. Our employees work every day to improve the health, safety and quality of life for our residents and communities. All of our jobs align to one or more of our overarching goals - that Hennepin County residents are healthy, protected and safe, self-reliant, assured due process, and mobile.Our employees receive a combination of generous benefits and positive workplace culture not found at other organizations. This includes meaningful work that impacts our community, competitive pay, work-life balance, a variety of benefits and opportunities to grow. Learn more at www.hennepin.us/employees.",https://www.governmentjobs.com/careers/hennepin/jobs/2928915/it-developer-i
,Associate Java Developer - Minneapolis,,"Saint Louis Park, MN",,"Associate Developer: Launch Your Dream CareerDiscover all the support you need to succeed-along with the space you need to grow-under the same umbrella of professional training and development opportunities.Magenic is a business technology consulting firm that unites the power of creative problem-solving with the limitless potential of technology. Every day, our exceptional business technologists create custom tech solutions that help Fortune 1000 companies grow, evolve and succeed.As an Associate Developer at Magenic, you’ll encounter a broad variety of tools, platforms, and technologies. Dedicated guidance and leadership from top industry technologists will help you develop your confidence as a professional consultant as you hone your programming skills. Best of all, you’ll find a community here like no other: Magenic is where passionate, talented professionals like you find that they love what they do-and who they work with-so much that they spend time together collaborating outside of business hours, just for the fun of it.The RequirementsKnowledge of custom application development using one or more major platforms including, but not limited to: .NET (with C# or VB), Server-Side Java, Mobile, or Smart Client technologies (Angular, React, etc.)Knowledge of Agile, or equivalent Software Development Lifecycle, along with one or more associated toolsets for process management (e.g. TFS, Git, Atlassian tools, etc.). Familiarity with Cloud technologies (Azure, AWS, or Google) desired.Consulting skills reflecting team building, flexibility, communication skills and customer serviceA strong curiosity about our clients’ business needs coupled with a passion to stay on the cutting edge of both technology and consulting practices.Willingness to travel to support our offices throughout the country, with potential to relocate in future.Associate’s/Bachelor’s degree or higher in computer science or related field, or equivalent combination of education and work experienceBenefitsComprehensive medical/dental/etc. benefitsRevenue sharing/401kPaid holidaysGenerous PTOHealth club ReimbursementCell phone reimbursementPowerful laptopAnnual holiday gifts (GoPro, Xbox, MSFT Surface)Continuous education & support: Free training/certifications, tech summit, user groups, code camps, tech lunch and learns, Magenic Masters, tuition reimbursement, books, conferences, Yammer, Mentorship/badge program, and morePlus extras like board game night, company-sponsored happy hours, Fragothons, Friday beer thirty, summer picnic, holiday party, soccer/softball leagues, Magenic In Motion fitness competition, and more",https://jobs.jobvite.com/careers/magenic/job/oWIgefwS?__jvst=Job+Board+Posting&__jvsd=Indeed
https://d2q79iu7y748jz.cloudfront.net/s/_logo/60d7569dbe16bd2d08cfc3106a196dea,Java Developer for Genetic Research,University of Minnesota,"Minneapolis, MN",,"All required qualifications must be documented on application materials.Required Qualifications:BS/BA in computer science or a scientific field and 2 year of related experience or equivalent combination of education and work experience to equal 6 years.Experience in Java programmingStrong problem solving skillsExcellent attention to detailExcellent written and oral communication skills and professional business communication stylePreferred Qualifications:Experience developing open-source softwareExperience in bioinformaticsExperience writing scientific manuscriptsAbout the JobThe candidate will be responsible for developing open-source software to analyze genetic data, specifically large deletions and duplications in the genome that can knock out entire genes. We will then apply this software to hundreds of thousands of human samples with genome-wide data to identify if these natural gene knockouts affect certain traits or the risk for specific disease outcomes. This position is in the laboratory of Dr. Nathan Pankratz within the Division of Computational Pathology at the University of Minnesota. The lab currently has seven full time software programmers and data analysts. Therefore, depending on interest and aptitude, additional specialization is possible in one of three areas: methods development, open-source software development, and/or application of these methods to existing data sets.Responsibilities60% time spent developing open-source software in Java that visualizes and analyzes genetic data. Analysis methods will either implement existing algorithms or will wrap around existing tools. An innovative candidate would also have the option of designing new algorithms.20% time spent using new or existing software to run analyses to identify variation in the genome that leads to increased risk for various diseases. This will require the candidate to independently manage large data sets and maintain data and code that others will use as well.20% time spent helping investigators to prepare reports, grant applications, manuscripts and presentations.The University of Minnesota offers a comprehensive benefits package including:Competitive wages, paid holidays, vacation and sick leaveLow cost medical, dental, and pharmacy plansHealth care and dependent daycare flexible spending accountsExcellent retirement plans with employer matchDisability and employer paid life insuranceWellbeing program with reduced insurance premiumsTuition reimbursement opportunities covering 75%-100% of eligible tuitionStudent loan forgiveness opportunityOpportunities for growth and promotionEmployee Assistance ProgramFor more information regarding benefits: https://humanresources.umn.edu/sites/humanresources.umn.edu/files/2020_tcd-fpa-75100-ben-0105-10_cs_final.pdfApplications must be submitted online. To be considered for this position, please click the Apply button and follow the instructions. You will be given the opportunity to complete an online application for the position and attach a cover letter and resume.Additional documents may be attached after application by accessing your ""My Job Applications"" page and uploading documents in the ""My Cover Letters and Attachments"" section.To request an accommodation during the application process, please e-mail employ@umn.edu or call (612) 624-UOHR (8647).The University recognizes and values the importance of diversity and inclusion in enriching the employment experience of its employees and in supporting the academic mission. The University is committed to attracting and retaining employees with varying identities and backgrounds.The University of Minnesota provides equal access to and opportunity in its programs, facilities, and employment without regard to race, color, creed, religion, national origin, gender, age, marital status, disability, public assistance status, veteran status, sexual orientation, gender identity, or gender expression. To learn more about diversity at the U: http://diversity.umn.edu.Any offer of employment is contingent upon the successful completion of a background check. Our presumption is that prospective employees are eligible to work here. Criminal convictions do not automatically disqualify finalists from employment.The University of Minnesota, Twin Cities (UMTC)The University of Minnesota, Twin Cities (UMTC), is among the largest public research universities in the country, offering undergraduate, graduate, and professional students a multitude of opportunities for study and research. Located at the heart of one of the nation's most vibrant, diverse metropolitan communities, students on the campuses in Minneapolis and St. Paul benefit from extensive partnerships with world-renowned health centers, international corporations, government agencies, and arts, nonprofit, and public service organizations.",https://hr.myu.umn.edu/psc/hrprd/EMPLOYEE/HRMS/c/HRS_HRAM_FL.HRS_CG_SEARCH_FL.GBL?Page=HRS_APP_JBPST_FL&Action=U&SiteId=1&FOCUS=Applicant&JobOpeningId=336373&PostingSeq=1&
https://d2q79iu7y748jz.cloudfront.net/s/_logo/eed62e999af7dc5e73b19a5a3fbdd0d0,Software Engineer Intern,PayPal,"Saint Paul, MN 55101",,"Who we are: Fueled by a fundamental belief that having access to financial services creates opportunity, PayPal (NASDAQ: PYPL) is committed to democratizing financial services and empowering people and businesses to join and thrive in the global economy. Our open digital payments platform gives PayPal’s 286 million active account holders the confidence to connect and transact in new and powerful ways, whether they are online, on a mobile device, in an app, or in person. Through a combination of technological innovation and strategic partnerships, PayPal creates better ways to manage and move money, and offers choice and flexibility when sending payments, paying or getting paid. Available in more than 200 markets around the world, the PayPal platform, including Braintree, Venmo and Xoom enables consumers and merchants to receive money in more than 100 currencies, withdraw funds in 56 currencies and hold balances in their PayPal accounts in 25 currencies.Job Description Summary: At PayPal, we’re literally reinventing how the world pays and gets paid. We understand that it’s about people. We connect individuals to let them shop, get paid, donate and send money using today’s technology with the confidence that comes from the security and control PayPal enables. Are you ready to help us change the world? The world’s leading payments company, PayPal, brings together a family of brands that are revolutionizing the way people move money. At PayPal you will be immersed in an amazing community with a vibrant culture that thrives on innovation, collaboration, inclusion and wellness.Job Description:Software Engineer Interns at PayPal develop innovative solutions and high-quality products that touch millions of people every day around the globe. Our engineers solve some of the most complex technical problems in the world of connected payments across all business units, including PayPal, Braintree, Venmo, Paydiant and others. We are looking for the highest levels of technical talent and programming skills, as well as a keen desire to deeply understand our products and services to push our technology forward with respect to functionality, performance, reliability, and scalability.You’ll work alongside the best and the brightest engineering talent in the industry. We have opportunities in a wide range of areas including development, design, search, platform, test, quality, big data, front end and back end. As a core participant of your team, you’ll estimate engineering efforts, design your changes, implement and test your changes, push to live, and triage production issues. You need to be dynamic, collaborative, and curious as we build new experiences, improve existing products, and develop distributed systems powering the world’s largest e-commerce and payments websites at a scale only a few companies can match.Key Responsibilities:Code high-volume and scalable softwareCreate web applications using React/Node and other technologiesCreate back end services using Java, SQL, ReSTBuild and develop new user facing experiencesPartner closely with cross functional teams in design, product and other business unitsBasic Requirements:Must be pursuing a Bachelor’s or Master’s degree in Computer Science or related field from an accredited college or universityStrong applied experience. You’ve built, broken, and rebuilt software applications. We’re looking for creative thinkers who also know how to create real-world productsWorking knowledge of web technologies (such as HTTP, HTML/DOM, JavaScript, CSS, AJAX) will be beneficialFamiliarity with Node.js applicationsFamiliarity with Java, C++ and/or PythonUnderstanding around concepts like Web Services, SOA, REST APIsA constant desire to grow, learn, and explore new thingsPosition Location: VariesWe're a purpose-driven company whose beliefs are the foundation for how we conduct business every day. We hold ourselves to our One Team Behaviors which demand that we hold the highest ethical standards, to empower an open and diverse workplace, and strive to treat everyone who is touched by our business with dignity and respect. Our employees challenge the status quo, ask questions, and find solutions. We want to break down barriers to financial empowerment. Join us as we change the way the world defines financial freedom.PayPal provides equal employment opportunity (EEO) to all persons regardless of age, color, national origin, citizenship status, physical or mental disability, race, religion, creed, gender, sex, pregnancy, sexual orientation, gender identity and/or expression, genetic information, marital status, status with regard to public assistance, veteran status, or any other characteristic protected by federal, state or local law. In addition, PayPal will provide reasonable accommodations for qualified individuals with disabilities.",https://wd1.myworkdaysite.com/recruiting/paypal/jobs/job/San-Jose-CA/Software-Engineer-Intern_R0057734?source=JobBoardIndeed-Organic
,Software Developer - Java,,,,"Minneapolis, Minnesota - United States | Posted - 10/15/20OverviewSoftware Developer Java (1522-1)Minneapolis , MN6 Months Contract To HireDescription:Implement and deploy API solutions while demonstrating expertise in a number of areas including cloud computing, API design and development, Public and Private API design and development, cloud messaging, ground-to-cloud connectivity, highly scalable distributed systems. Supports projects and design recommendations that span the entire infrastructure. Contributes to creating strategy and evolvable systems, including guidelines, standards, and policies. Collaborates with business leaders to help define business strategy and align creative information technology systems architecture to support the strategy. This requires a high degree of interaction with business and operations units to understand the functional needs of the system users as well as the various technology teams, both within and outside of a financial firm.Sriramsriram@technosoftcorp.com248 603 2625",https://careers.travelers.com/job/11932674/software-engineer-java-angular-webservices-us-nationwide/?source=S0623
https://d2q79iu7y748jz.cloudfront.net/s/_logo/cc52c016400ec2d6b91fd883d2effcf7,Java Developer - ITS3,,"Saint Paul, MN",$28.39 - $46.66 an hour,"As a Java Developer, you will provide technical expertise in the design and development of Minnesota IT Services (MNIT) partnering with the Department of Human Services (DHS) applications by utilizing Java programming skills, and the effective use of Object Oriented technologies and tools. These skills include the use of Spring, jQuery, JavaScript, XML, SOAP, WSDL, web services and SOA technologies. You will perform systems and program modifications to meet customer objectives as well as optimize system performance which will require the ability to work independently or with other developers to create and support program applications within the division. Additionally, you will work with the supervisor, technical architects, other technical leads, and various business units and analysts to ensure that organizational goals and requirements are met.QualificationsMinimum QualificationsCandidates must clearly demonstrate all of the following qualifications in their resume:This position requires a minimum of three (3) years of experience developing complete object-oriented Java web applications including analysis, design, implementation, and unit testing.Experience must include:Spring MVC, JavaScript, jQuery, and user interface development experienceA Master’s degree in Information Technology or a related field substitutes for three (3) years of experience, or a related Bachelor’s degree substitutes for two (2) years, or a related Associate’s degree substitutes for one (1) year.**Successful candidate must pass past-employer reference checks and a criminal history verification**It is the policy of MNIT Services that all employees submit to a background investigation prior to employment. The background check may consist of the following components:SEMA4 Records Check (applies to current and past State employees only)Criminal History CheckEmployment Reference CheckSocial Security and Address VerificationOther relevant checks/verificationsMinnesota IT Services will not sponsor applicants for work visas. All applicants must be legally authorized to work in the US.Preferred QualificationsThree or more years of experience developing complete object-oriented Java web applications including analysis, design, implementation, build scripting, and unit testing of the user interface, controller, business logic, and data tiersExperience using the following Java technologies: JSP, Spring MVC, Apache Tomcat, IBM WebSphere Application Server, Hibernate, Ant, Maven, and testing frameworks such as jUnit or MockitoExperience using the following web technologies: HTML, CSS, JavaScript, jQuery, BootstrapExperience supporting software development tools, determining the need to upgrade software tools and performing upgrades to software tools.Advanced knowledge of migration and version control systemsExperience working as the lead of a development team with the ability to effectively mentor and coach other technical specialistsHuman relations skills sufficient to communicate effectively with diverse audiences both technical and non-technicalProblem solving skills sufficient to negotiate complex solutions for both technical and functional issues while ensuring that the solutions meet the needs of the various clients and infrastructuresApplication DetailsWhy Work for UsMinnesota IT Services offers a comprehensive benefits package including low cost medical and dental insurance, employer paid life insurance, short- and long-term disability, pre-tax flexible spending accounts, defined benefit pension plan, tax-deferred compensation plan (457), generous vacation and sick leave, and 11 paid holidays each year. In addition, at the management’s discretion, Minnesota IT Services offers flexible work scheduling, telework options, mentorship opportunities, employee recognition and reward programs, and paid training and development. Join Minnesota IT Services now and stay for a career!How to ApplyThis vacancy is open for bids and all qualified applicants simultaneously. This vacancy will be filled in accordance with applicable union contract provisions. Current employees of Minnesota IT Services who are currently in an Information Technology Specialist 3, Object Oriented position and who are eligible to bid and apply within the seven (7) day bidding period will be considered prior to filling the position via other means.Current State Employees: Please note that employment provisions (including but not limited to seniority and leave accrual) vary among the three branches of Minnesota State government. When considering a job with another branch of state government, you are highly encouraged to explore these differences. For assistance, please direct questions to your current or anticipated Human Resources office.Click “Apply” at the bottom of this page. If you have questions about applying for jobs, contact the job information line at 651-259-3637.For additional information about the application process, go to www.mn.gov/careers.To be considered for any Veteran’s Status, you MUST indicate this on your application.RECENTLY SEPARATED VETERANS (RSV): Effective July 1, 2009, legislation provides that the top five RSV applicants who apply and meet the qualifications for a vacancy shall be granted an interview. To qualify, you must meet the following: 1) have separated under honorable conditions from any branch of the armed forces of the United States; 2) have served on active duty for 181 consecutive days or more or for the full period ordered to active duty or have separated by reason of disability incurred while serving on active duty; 3) be a United States citizen or resident alien; and 4) have served in active military service at any time on or after September 11, 2001, as shown on your DD-214 form. To be considered under this legislation, you must: 1) meet all Minimum Qualifications identified in this posting; 2) meet all of the above RSV criteria; and 3) submit a copy of your DD-214 form by the closing date to: MNIT.Recruitment@state.mn.us. Failure to submit your DD-214 form will affect your consideration for an interview under this legislation.CERTAIN DISABLED VETERANS: Effective August 1, 2012, legislation provides state agencies with the option to appoint certain disabled veterans on a noncompetitive basis if you: 1) meet service requirements and have a verified service-connected disability rating of at least 30%; 2) provide qualifying documentation verifying the disability; and 3) meet all Minimum Qualifications identified in this posting. To be considered under this legislation you must submit all documentation by the closing date to: MNIT.Recruitment@state.mn.us.If you have questions about the position, contact Kristen Haider at kristen.haider@state.mn.us.AN EQUAL OPPORTUNITY EMPLOYERMinnesota IT Services is an equal opportunity, affirmative action, and veteran-friendly employer. We are committed to providing culturally responsive services to all Minnesotans. Minnesota IT Services recognizes that a diverse workforce is essential and strongly encourages qualified women, minorities, individuals with disabilities, and veterans to apply.It is the policy of Minnesota IT Services to provide reasonable accommodations to qualified candidates and employees. If you are an individual with a disability who needs assistance or cannot access the online job application system, please contact the job information line at 651-259-3637 or email careers@state.mn.us. Please indicate what assistance you need. To request an accommodation for an interview, please contact ADA.MNIT@state.mn.us.",https://jobs.jobvite.com/careers/code42/job/otGfefwm?__jvst=Job+Board&__jvsd=Indeed
https://d2q79iu7y748jz.cloudfront.net/s/_squarelogo/69c81a0ba7a28b268f37d4fa0546e4c1,"Software Engineer (Java, Angular, Webservices)",Travelers,"Saint Paul, MN",,"Company SummaryTaking care of our customers, our communities and each other. That’s the Travelers Promise. By honoring this commitment, we have maintained our reputation as one of the best property casualty insurers in the industry for over 160 years. Join us to discover a culture that is rooted in innovation and thrives on collaboration. Imagine loving what you do and where you do it.Target Openings1Job Description SummaryTravelers is seeking a Software Engineer I to join our organization as we grow and transform our Technology landscape. Individual will complete intermediate end to end engineering tasks for specific system assignments including developing, analyzing, configuring, testing, debugging, troubleshooting, documenting, health monitoring/alerting, and implementing based on user or system design specifications, as well as participating in troubleshooting, conducting impact analysis and escalating appropriately.Primary Job Duties & ResponsibilitiesPerform analysis, design, development, and configuration functions as well as define technical requirements for assignments of intermediate complexity.Participate with team to perform analysis, assessment and resolution for defects and incidents of intermediate complexity and escalate appropriately.Work within guidelines set by team to independently tackle well-scoped problems.Seek opportunities to expand technical knowledge and capabilities.Minimum QualificationsBachelor’s degree or its equivalent in work experience.One year of programming/development experience.Education, Work Experience, & KnowledgeThree years of programming/development experience preferred.Job Specific Technical Skills & CompetenciesExperience with Java.Experience with Angular preferred.Basic understanding of WebServices (SOAP, REST) preferred.Basic understanding of Git/GitHub/GitLab preferred.Basic understanding of Agile preferred.DeliveryIntermediate delivery skills including the ability to estimate accurate timelines for tasks and deliver work at a steady, predictable pace to achieve commitments, contribute to the software design strategy and methodologies used to best meet the system requirements, consider and build for many different use cases, avoid over engineering, and ensure automation, deliver complete solutions but release them in small batches, and identify important tradeoffs and negotiate them.Domain ExpertiseDemonstrated track record of domain expertise including understanding technical concepts necessary to do the job effectively and aware of industry trends, demonstrate willingness, cooperation, and concern for business issues and priorities, and possess in depth knowledge of immediate systems worked on and some knowledge of adjacent systems.Problem SolvingStrong problem solver who ensures solutions are built for the long term, is able to resolve new issues, recognizes mistakes using them as learning and teaching opportunities and consistently breaks down large problems into smaller, more manageable ones.CommunicationStrong communicator who possesses the ability to articulate information clearly and concisely with the business, document work in a clear, easy to follow manner, collaborate well with team members as both a mentor and mentee, take in vague requirements and ask the right questions to ensure clarification, offer feedback appropriately and effectively, seek out and receives constructive criticism well, listen when others are speaking and make space for colleagues to share their thoughts.LeadershipIntermediate leadership skills with the ability to help create a safe environment for others to learn and grow as engineers and a proven track record of self-motivation in identifying opportunities and tracking team efforts.Employment PracticesTravelers is an equal opportunity employer. We value the unique abilities and talents each individual brings to our organization and recognize that we benefit in numerous ways from our differences.If you have questions regarding the physical requirements of this role, please send us an email so we may assist you.Travelers reserves the right to fill this position at a level above or below the level included in this posting.",https://recruit.hirebridge.com/v3/careercenter/v2/details.aspx?jid=535665&cid=6970&locvalue=1115
https://d2q79iu7y748jz.cloudfront.net/s/_logo/7171a52432860607b4e22a895e8bf26e,Software Engineer (Java/Kotlin),Code42,"Minneapolis, MN 55401",,"In the race for ideas, we never want our customers to compromise the speed of innovation nor the safety of their data. Code42 provides protection from Insider Threat by delivering a fast, simple path to data loss detection, investigation and response. With our product, security teams easily protect corporate data and reduce insider risk while fostering an open and collaborative culture for employees. We are proud our insider threat solution has been honored with a number of national awards in 2019. This includes Globee, IT World, Black Unicorn and Stevie Awards, as well as Cyber Defense Magazine InfoSec Awards, Cybersecurity Excellence Awards and an Info Security PG’s Global Excellence Award.You belong at Code42 if you crave being a part of a transparent and collaborative culture, you want to drive innovation, and security is always top of mind. We look for authentic people who are inquisitive, enjoy solving complex problems, think creatively and provide diverse insights to help us think differently and thrive together. Don’t wait. #BeCode42.THE ROLE:Code42 is looking for a Software Engineer to join our growing team! We're looking for engineers with a passion for world-class software development and an appetite for growth who will help Code42 protect and secure our customers' data.As an engineer at Code42 your day to day will include:Designing and implementing code for assigned projects, both independently and with teammates, taking into account needs for monitoring, supportability, and testability.Writing unit and integration tests for your team's code.Testing, debugging, and troubleshooting all across the Code42 technology stack.Documenting code and design, and reviewing code and design docs from others.Demoing progress on team deliverables.Participating in story mapping and sizing sessions for small to medium-size product features.Synthesizing requirements into cohesive designs, identifying gaps and contradictions.Helping to estimate and prioritize product backlog.Helping to mentor and guide more junior staff.Collaborating with teammates across the product development organization.Contributing to process improvement efforts within engineering.Leading team design discussions and code reviews, asking questions, contributing and accepting feedback.Learning about new things and sharing that with the team.WHAT YOU BRING:Bachelor's degree or equivalent experience2-5 years professional experience, or can convincingly demonstrate this level of skill.Experience in a JVM language - preferably Java / KotlinExperience with object-oriented developmentExperience developing REST APIsExperience with testing frameworksFamiliarity with microservice architectureFamiliarity with continuous integration and deployment concepts.Familiarity with document databasesHas a passion for building high quality applications that delight our users.Ability to clearly communicate technical ideas to peers and non-technical stakeholders in written and verbal formNICE TO HAVE:Comfortable with build tools (gradle, Concourse)Experience with agile/lean development processesFamiliarity with data repository technologies (e.g.: relational databases, Elasticsearch, NoSQL)Familiarity with infrastructure automation tools (Terraform)WHY #BECODE42:A first-class onboarding experience which includes professional development, personal development all while learning and living our Code42 values. We provide comprehensive benefits that include health, dental, vision, wellness, 401k, maternity/paternity leave, generous paid time off and volunteer opportunities. At Code42 everyone is an owner. We participate in a commission or bonus plans and all receive stock options. We win together.",https://careerportal.ceipal.com/jobs/career/4b17d3264fd9070a5be706c853ccd720/08d562c1eedd30b15b51e35d8486d14c/NQ==
,Android Developer (Remote or in Office),,,,"OverviewNAVIGA is the leading provider of software and services powering the global media industry. We are seeking an Android Engineer to work with our Mobile team in our office in Rochester, Minnesota.It’s a great opportunity if you are looking to work in a tight knit team of experienced developers, where problem solving, and autonomy are highly regarded. We work with several of the biggest media companies in the world, as clients, while delivering innovative technical solutions to the media industry. Knowledge sharing and learning from your colleagues is strongly encouraged and practiced.We offer the following benefits/ perks:PTO, Health – Dental – Vision Insurance, Tuition Reimbursements, and Life insuranceThe Rochester office offers a collaborative, laid-back environment which allows for flexibility in your daily schedule. In addition to a great work environment, we offer snacks and drinks provided in the office, ergonomic desk and chairs, massage chair in the break room, plenty of window views as well as daily walks outside (when the Minnesota weather allows).Job Duties and ResponsibilitiesYou’ll be responsible for the development and delivery of Android applications for multiple platforms.You’ll be an essential part of our Android team.You’ll define, design and ship new features on an agile team, delivering the latest and greatest applications to our consumers all across the globe.Education, Experience, and Requirements2 to 5 years of experience in Android development using Android SDK and ADTDemonstrated experience and an understanding of OOP, Design Patterns and Android memory managementMust have experience developing for multiple device sizes such as mobile phone as well as tablets, also including portrait & landscape.Experience building multi-threaded applications on Android platformGood understanding about MVP architecture for Android, Reactive patterns and dependency injectionExperience with concurrency including Thread, Handler, Rxjava, Coroutines and scheduling techniques.Experience with Unit test frameworks.Solid understanding of Java and Kotlin.Familiarity with the Google Ad Manager (DFP) is preferable.Excellent English communication skills, speaking and writing.Disclaimer: This job description is only a summary of the typical functions of the job, not an exhaustive or comprehensive list of all possible job responsibilities, tasks, and duties. Responsibilities, tasks, and duties of the jobholder might differ from those outlined in the job description and other duties, as assigned, might be required.Our company uses E-Verify to confirm the employment eligibility of all newly hired employees. To learn more about E-Verify, including your rights and responsibilities, please visit www.dhs.gov/E-VerifyNaviga Inc. is an Equal Opportunity Affirmative Action Employer",http://careers.itresonance.com/home/details/393
,Sr Java Developer,,,,"Eden prairie, Minnesota - United States | Posted - 07/20/20OverviewWe are looking for Sr Java Developers with Spring and Angular experience. ONLY CONSIDERING CANDIDATES WHO HAVE EITHER WORKED WITH UHG IN PAST OR PREVIOUS APEX CE. We are open to H1B and EAD candidates. Initially remote but later onsite in Eden Prairie, MN after COVID-19. Interview and feedback within this week. Please send candidates directly.Duration: 12+ months contractLocation: Eden Prairie, MNDesignation: Sr Java DeveloperClient: Optum (UHG)Job Details:Project:Working on an application called Medical Record Manager. This application has multiple interfaces for both internal and external usage. It is used for Medical coding and diagnosis coding. Clients like Anthem and BCBS use this tool.Top 3 Requirement:1. Full stack java2. Spring/spring boot3. Angular jsTech Stack:JavaSpringSpring bootrestAngular JS preferred but any version of angular worksOracleBatch is a + since there will be a lot of java jobsHeavy backend work, wont need to do stored producers since other role will handle thisNeed to know front end work to answer any questionsWeb Services and database skills will be crucialClaims and healthcare background would be a nice to have but not required",https://www.governmentjobs.com/careers/hennepin/jobs/2927745/cobol-developer-senior
,Java Developer,,,,"Job DetailsID:ITRES_5140Location:United States, Minnesota, MinneapolisType:Contract, W2Duration:6 Months of ContractTravel:No TravelJob DescriptionJava developerMinneapolis MN6+ Months of ContractSkills:Core JavaJava StackOracleIf you are interested kindly reach me at sathish.r@itresonance.com / 630-345-5252.Key SkillsCoreJava Java Stack Oracle",http://andersencareers.com/ShowJob/Id/2742092/Associate%20Software%20Engineer
https://d2q79iu7y748jz.cloudfront.net/s/_logo/3f370e95da6ca185f8b87672c8dc7865,"COBOL Developer, Senior",Hennepin County,"Minneapolis, MN","$80,083 - $120,122 a year ++","Seeking an expert Senior COBOL Developer to come join us on our Business Technology Solutions Property Information Search mainframe development and support team. We are a small and streamlined, collaborative team and offer excellent work life balance.Location and hours:This position is currently being performed remotely due to COVID-19. Per business needs, the location may change to the Hennepin County Government Center at 300 South 6th Street, MN 55487.Work hours will be Monday through Friday, flexible first shift, along with limited on-call rotation for after hours support, and occasional weekend hours.About the position type:This is a full-time, benefits-earning, limited duration position, up to two years, with optional renewal for another two years. The position is eligible to receive an additional cash merit of up to $2,344.18 that can be earned annually based on performance.This position is recruitment critical and eligible for an employee referral bonus. Current Hennepin County employees who refer candidates may be eligible for a $500.00 referral bonus.In this position you will:Work with the support team to participate in all stages of the Software Development Life Cycle to support property assessment and tax processing on the mainframe system:Define requirements for system changes.Analyze impact and risks of proposed system changes.Make recommendations for system changes.Create estimates for change efforts.Create technical design specifications, test plans, and other support documentation.Execute and implement change plans.Work with business partners to understand business needs.Collaborate across matrixed organization to deliver technical support to our business partners.Serve as a technical liaison between business departments and IT department.Need to have:One of the following:Two-year college/vocational technical degree in a technology field and five years or more of IT experience.Approved information technology certificate and five years or more of IT experience.Completion of five college/vocational technical technology courses and five years or more of IT experience.Completion of approved IT Hennepin County internship and five years or more of IT experience.Bachelor's degree or higher in a technology field and three years or more of IT experience.Master's degree in information technology and one year or more of IT experience.Six years or more of technology experience.Ability to work occasional but regular rotation for minimal after hours on-call support for daily scheduled jobs. On-call includes potential holidays and weekends.Nice to have:Five years or more of Mainframe COBOL programming experience with intermediate knowledge of IBM mainframe databases, both IMS and DB2.Experience with configuring MVS JCL, Panvalet (orequivalent), Easytrieve, Xpeditier and Abendaid.Experience with accounting systems and/or property tax.Distributed development abilities; one of the following:.NET or Java web development skills; ability to analyze web application code written in Java or .NET framework language, make changes per business requirements and deploy updated code.Microsoft SQL Server Database skills; ability to write SQL that queries and updates MS SQL tables.About the department:Resident and Real Estate Services covers the foundational responsibilities of government: land surveying, land recording, property tax collection and distribution, voter registration and elections. Our eight service centers locations provide access to licenses, vital records, and other documents that help the constituency of Hennepin County.About Hennepin County:Hennepin is the largest county government organization in Minnesota. Our employees work every day to improve the health, safety and quality of life for our residents and communities. All of our jobs align to one or more of our overarching goals - that Hennepin County residents are healthy, protected and safe, self-reliant, assured due process, and mobile.Our employees receive a combination of generous benefits and positive workplace culture not found at other organizations. This includes meaningful work that impacts our community, competitive pay, work-life balance, a variety of benefits and opportunities to grow. Learn more at www.hennepin.us/employees.",https://ibegin.tcs.com/iBegin/jobs/173616J
https://d2q79iu7y748jz.cloudfront.net/s/_logo/9d7090c292f39fc5202c22dbe291cc71,Associate Software Engineer,Andersen Corporation,"Oak Park Heights, MN",,"DescriptionThe Associate PCF Software Engineer is responsible for participating in designs, development, testing and implementing product configuration models using Infor CPQ/Baan PCF development tools and technologies. The scope, size and complexity of these efforts will vary from enhancements to existing product lines or large scale projects to introduce a new window or door product. As technical skills advance development assignments will become larger and more complex.PRIMARY RESPONSIBILITIES:Interpret business requirements and technical design specifications into product configuration codeDevelop test plans and test cases to be used in the execution of unit and system testing to ensure product model qualityAssist with the deployment of product models into the production environmentAssist in the documentation of business and functional requirementsDevelop technical requirements and user application documentationProvide end user training and supportDevelop and maintain relationships with business customers and IT staffCollaborate with other Software Engineers and IT Business Analysts to develop functional and technical specifications by interpreting business, product and technical requirementsProvide and meet time estimates for assigned deliverablesResearch and develop skills in new development toolsQualificationsQUALIFICATION AND SKILL REQUIREMENTS:Bachelor's degree in Management of Information Systems, Computer Science or related disciplineExcellent written and verbal communication skills0-3 years of development experience with a limited number of application development languagesExperience with database technologies – prefer SQL and Oracle experienceAble to work independently as well as in a team environmentAble to manage and prioritize tasks and projectsStrong problem solving skills and ability to generate creative solutionsStrong focus on customer service and goes the extra mile to ensure a positive customer experiencePRIMARY TOOLS & TECHNOLOGIES:Infor CPQ, Baan PCF scriptingEclipse, XSL, XML, CVS, Java, XPL Framework, XiSQLExcel","http://involveit.com/?JobDetail=2111-Sr.-Java-Developer-Minneapolis,-MN"
,Java Engineer,,"Richfield, MN",,"Software development experience using Java/J2EE (Spring).Experience in Microservices DevelopmentExperience in web service/ REST API implementations using Spring/SpringBoot.Experience in AWS Lambda function Hands on experience in CICD automation using Git, Jenkins, Chef & Artifactory Repository.Experience in application server (Websphere, Tomcat).Experience in Build tools (Maven, Gradle, Ant).Experience with SQL (Oracle, DB2) and NoSQL (MangoDB, Postgres) databases.Experience in Agile Methodology, SCRUM, KANBAN.Proactively identifies opportunities for improvement and recommends technical solutions.Good understanding of SaaS API integrations ( preferably Zuora) with Enterprise applicationKnowledge of integrations using APIsHigh-scale AWS implementation of Java middleware; serverless and event-drivenJob FunctionCONSULTANCYRoleDeveloperJob Id173616Desired SkillsJava",https://careerportal.ceipal.com/jobs/career/4b17d3264fd9070a5be706c853ccd720/75c6b2d6319e12f37ff421834ad22fa8/NQ==
,Sr. Java Developer,,,,"They are looking for is that strong senior Java developer. Stronger more on the back-end (the standard…spring, etc.). Additionally, somebody who can write SQL and Stored Procedures - not necessarily doing database design or back up type work. Someone who enjoys multiple hats.They are in the process of re-writing several key legacy applications.Technologies they use:JavaAgileHadoopOBIEEOracleSpringThey have others, but these are the main ones.Terry Bonertz952-841-9510 ext.1terry@involveit.com",http://involveit.com/?JobDetail=2102-Java-Backend-Architect-Minneapolis-West-Sub
,Lead Java Developer,,,,"Eden prairie, Minnesota - United States | Posted - 08/31/20OverviewJob Title: Lead Java DeveloperDuration: 12+ months ContractLocation: Remote to Onsite in Eden Prairie, MNTop requirements:JavaSpringboot – APIAzure development.Azure functionsAzure gatewayNot just deploying appls to azure environment.The senior needs to lead both of the on-shore and offshore. Will be coordinating the effort. Will be responsible for delivery.No UI work.",https://jobs.lever.co/solutiondesign/ab31f99f-2856-4bc6-b9f5-278e633afee6?lever-source=Indeed
,Java Backend Architect,,,,"Architect Java Backend of a two year project that will run on AmazonBackend architecture for a very large Web Development Project. Part of the work will be evaluating Amazon Cloud tools to determine which tools will work for this project. Data security is a key issue, so will design/architect with this as focal point. Design requests (gets and puts) from several data bases..Terry Bonertz952-841-9510 ext.1terry@involveit.com",https://wd1.myworkdaysite.com/recruiting/paypal/jobs/job/San-Jose-CA/Data-Analyst-Intern_R0059613-1?source=JobBoardIndeed-Organic
,Java Engineer,,,,"sdg is a high performance software community. sdg consultants build and deliver custom software for some of the largest and most recognizable local and national brands. In this role you will be asked to leverage your current skills and learn new ones. Working in over 400 different technologies and continually learning together, you can expect a one-of-a-kind and award winning work experience.If you have proven experience in a handful of the following, we want to hear from you.Java 8+SpringHibernateGroovy / GrailsWeb Services / Microservices / SOAServerless ArchitecturesResponsive WebREST/JSONJS / Angular / React / Vue / NodeJMS / AMQP / Camel / MuleAWS/AzureElasticOracle / MySQL / SQLAgile / SCRUM / TDDGit / Atlassian Suitebonus experienceBachelor's Degree in related field or equivalent work experienceSuccess working on high performance teamsDelivered solutions in large scale enterprise environmentsPrior consulting or professional services experienceMotivated to continually improve your craft, sharing and learning every dayExceptional integrity with the desire to create the best possible customer outcomeswhat's in it for you?Full-time salaried position with sdg, a 10-time Best Place to WorkEngaged teammates who care about quality solutionsChallenging and rewarding work with great customersAbundant opportunities to give back to the communityA company proven to make decisions based on its core valuesA true stake in success as sdg is an ESOP, 100% employee ownedYear-round technology and social events to stay sharp and have funMembership in the best technology community in the Twin Cities","http://involveit.com/?JobDetail=2117-Java-Developer-Minneapolis,-MN"
https://d2q79iu7y748jz.cloudfront.net/s/_logo/eed62e999af7dc5e73b19a5a3fbdd0d0,Data Analyst Intern,PayPal,"Saint Paul, MN 55101",,"Who we are: Fueled by a fundamental belief that having access to financial services creates opportunity, PayPal (NASDAQ: PYPL) is committed to democratizing financial services and empowering people and businesses to join and thrive in the global economy. Our open digital payments platform gives PayPal’s 286 million active account holders the confidence to connect and transact in new and powerful ways, whether they are online, on a mobile device, in an app, or in person. Through a combination of technological innovation and strategic partnerships, PayPal creates better ways to manage and move money, and offers choice and flexibility when sending payments, paying or getting paid. Available in more than 200 markets around the world, the PayPal platform, including Braintree, Venmo and Xoom enables consumers and merchants to receive money in more than 100 currencies, withdraw funds in 56 currencies and hold balances in their PayPal accounts in 25 currencies.Job Description Summary: At PayPal, we’re literally reinventing how the world pays and gets paid. We understand that it’s about people. We connect individuals to let them shop, get paid, donate and send money using today’s technology with the confidence that comes from the security and control PayPal enables. Are you ready to help us change the world? The world’s leading payments company, PayPal, brings together a family of brands that are revolutionizing the way people move money. At PayPal you will be immersed in an amazing community with a vibrant culture that thrives on innovation, collaboration, inclusion and wellness. We are seeking world-class problem solvers who have a passion for data and a relentless focus on execution and delivery. You will be most successful with a healthy combination of both, technical skills and business acumen. As a Data Analyst you will generate insights by conducting extensive analyses of PayPal’s rich data. In the process, you will develop a deep understanding of the payments business, our site functionality, further strengthen your analytic, leadership and presentation skills and gain exposure to a wide variety of functional teams within PayPal.Job Description:Key ResponsibilitiesUnderstand how to make data visually appealing and simple to both navigate and comprehend for end-usersAggregate data from various sources to construct streamlined data pipelines and integrate data from multiple PayPal systemsIdentify key metrics and build exec-facing dashboards to track progress of the business and its highest priority initiativesIdentify key business levers, establish cause & effect, perform analyses, and communicate key findings to various stakeholders to facilitate data driven decision-makingWork closely across the matrix with teams like Finance, Marketing, Product, Engineering and senior executivesLead and participate in special projects/initiatives: innovate and implement large-scale quality improvements to processes and/or systems by conducting data analysis and making recommendations, troubleshooting technical issues, and refining processes around customer supportBasic Requirements:Must be earning a Bachelor’s or Master’s degree in Computer Science, Math, Statistics or related fieldExperience with one or multiple of the following will be highly desirable; Python, Java, Tableau, Jupyter Notebooks, Teradata, Hadoop/Hive, Oracle, JavaScript, SQL, Airflow, Linux, Perl, PHPExcellent understanding of computer science fundamentals, data structures, and algorithmsDemonstrated experience, familiarity and ease with handling large data sets and crunching numbersInformation Retrieval (search/recommendation/classification) experience or Human Judgment/User Interface experienceStrong written and verbal communication skills with the ability to translate complex problems into simpler terms, and effectively influence both peers and senior leadershipPosition Location: VariesWe're a purpose-driven company whose beliefs are the foundation for how we conduct business every day. We hold ourselves to our One Team Behaviors which demand that we hold the highest ethical standards, to empower an open and diverse workplace, and strive to treat everyone who is touched by our business with dignity and respect. Our employees challenge the status quo, ask questions, and find solutions. We want to break down barriers to financial empowerment. Join us as we change the way the world defines financial freedom.PayPal provides equal employment opportunity (EEO) to all persons regardless of age, color, national origin, citizenship status, physical or mental disability, race, religion, creed, gender, sex, pregnancy, sexual orientation, gender identity and/or expression, genetic information, marital status, status with regard to public assistance, veteran status, or any other characteristic protected by federal, state or local law. In addition, PayPal will provide reasonable accommodations for qualified individuals with disabilities.",https://infraspace.bamboohr.com/jobs/view.php?id=132&source=other
,Java Developer,,,,"I you like workign for a company with a great cause, this is it.The role is on the team responsible for the company's core business.They are looking for someone that is strong in Java middle and back tiers:creating/modifying web servicesJava Messaging ServicesWebsphere MQmulti-threadingsynchronizationSQLdata movementXMLTerry Bonertz952-841-9510 ext.1terry@involveit.com",https://www.equivince.com/jobs/2018/5/9/web-designer-7ws8h-t3btw
,Sr. Java Spring Boot/Microservices engineer consulting opportunity with Leading firm in Mnpls (Local MN candidates only),,,,We have some great opportunities for Sr. Spring Boot/Microservices/Cloud/ RESTful Web services Engineers based here in the Twin CitiesWe are working with a major retail client of ours in the Eden Prairie area.2 sets of projects - one is building out an API enterprise platform ; the other is building out a Supplier PortalWill go for 1+ years.LOCAL to MN candidates only I'm afraid. Preference is for USCs/GCs but open for the Portal project.Skills:Spring BootMicroservicesRestful Web services / API - building as well as consuming themAny Cloud - AWS preferredStrong Communication skillsFeel free to reach out to me. Happy to chat. Thanks!Robrob.mueller@infraspace.netTesoro Group612 417 6496,https://careers.hpe.com/go/job/131921666/?source=indeed
,Senior Java Engineer,,,,"Experience: 5+ YearsLocation: Minneapolis MNCurrent opening and immediate need for a Senior Java Engineer.Skills / ResponsibilitiesExceptional skills with: Java, Springboot, Intellij, Jenkins, REST, Groovy, Elastic, MongoDB, RabbitMQExperience with unit testing tools like Junit, Mockito, SpockExperience with any single page applicationProduct development or large scale web app developmentFull Stack development experienceFamiliar with RESTful API designCollaborate with both technical and business team members to understand requirements anddevelop solutions using an agile development process.Mentor and support development team.The Company is focused on building product innovation, DevOps culture and fully cross functional (scrum) teams.The new core platform is a microservices architecture with multiple web/mobile applications built on top. We are leveraging a combination of open source and third party libraries/frameworks such as Eureka (service discovery), MongoDB(NoSQL), Elastic Search(search), Pivotal Cloud Foundry (cloud native), Microsoft Azure (cloud service platform) and many more.The Senior Java Engineer will be a member of our core platform team. This team will have many opportunities to learn new technology and innovate on the products while building the foundation for the platform and market focused teams by participating in development efforts and platform standards and contributing to the Java and Angular based, micro-service driven applications. To be successful in this role you must be a quick learner, very familiar with agile practices and software development and enjoy working in cross functional teams.",https://jobs.sap.com/job/Minneapolis-Development-Associate-Consultant-SAP-UI5-Fiori%EE%80%93-MN-55401/639472701/?feedId=118200&utm_source=Indeed&utm_campaign=SAP_Indeed
https://d2q79iu7y748jz.cloudfront.net/s/_logo/6f425e8199addee0383307bf8e5f6280,Software Engineer Internship,Hewlett Packard Enterprise,"Bloomington, MN 55425",,"Hewlett Packard Enterprise (HPE) advances the way people live and work. We bring together curious minds to create breakthrough technology solutions, helping our customers make their mark on the world. HPE Global IT is a dynamic organization enabling the enterprise to innovate and lead the industry with our consumption-based IT transformation and our consulting, financial, educational, and operational services. Join us and revolutionize how we help customers simplify their operations and move the world forward.Sounds like you? Then we have the right opportunity—we are looking for a Systems/ Software Engineering Intern to join us! Our engineers develop solutions using the latest technologies to ‘Make IT Simple’ for our customers. HPE is more than a hardware company, we are a global software development organization with a full suite of products ranging from an enterprise website getting millions of page views a week to a predictive analytics solution which can warn a customer of an issue before it happens. We're looking for hands-on, technically curious individuals that want to grow their abilities as software engineers in a large-scale, global development team with great opportunities to learn and develop. Peaked your interest? Apply today for this role!How you’ll make your mark:You will work on a specific project critical to HPEs needs with opportunities to gain experience across a broad range of cutting edge technologies and across the full stack of software engineering challenges.You can work within an existing Agile, software engineering project team and collaborate to help to solve problems within that team's focusYou'll learn about our software development practices and the latest tools used for software development and front-end technology - including Scrum and Kanban methodologies.You can communicate effectively and be motivated to achieve results as part of your team.You will be mentored by at least one senior member of the Engineering Team and will be working with a mix of IT professionals with a range of experienceAbout you:You have a degree in Computer Science, Information Technology (or similar) or equivalent experienceYou have knowledge of Programming Languages –Java, Java Script, Python, Infrastructure/Operating Systems/Virtualization such as Windows, Linux, Docker, Swarm, Ansible and also development tools such as GitHub, Jenkins, SeleniumYou have a basic understanding of Scrum and Kanban methodologies·You are customer focused with excellent problem-solving skillsYou are a strong verbal and written communicator with the ability to work well in teamsWhat we can offer you:Extensive benefits, a competitive salary and participation in the shared values and purpose that make Hewlett Packard Enterprise one of the world´s most attractive employers! At HPE, our goal is to provide equal opportunities, flexible work-life balance, and constantly evolving career growth.If you are looking for challenges in an exciting, supportive and international work environment, then we definitely want to hear from you. Continue the conversation by clicking apply now below, or directly via our Careers Portal at www.hpe.com/careers.Join us and make your mark!Find out more about us and follow us on:https://www.facebook.com/HPECareershttps://twitter.com/HPE_CareersHPE is an Equal Employment Opportunity/ Veterans/Disabled/LGBT and Affirmative Action employer. We are committed to diversity and building a team that represents a variety of backgrounds, perspectives, and skills. We do not discriminate and all decisions we make are made on the basis of qualifications, merit, and business need. Our goal is to be one global diverse team that is representative of our customers, in an inclusive environment where we can continue to innovate and grow together.1069855",https://jobs.sap.com/job/Minneapolis-Associate-Analytics-Consultant-Workforce-Analytics-&-Reporting-MN-55401/639473201/?feedId=118200&utm_source=Indeed&utm_campaign=SAP_Indeed
https://d2q79iu7y748jz.cloudfront.net/s/_logo/90a997e37f45c18f8905ad334b747231,Development Associate Consultant - SAP UI5 Fiori,SAP,"Minneapolis, MN 55405",,"Requisition ID: 269051Work Area: Customer Service and SupportExpected Travel: 0 - 10%Career Status: GraduateEmployment Type: Regular Full TimeCOMPANY DESCRIPTIONSAP started in 1972 as a team of five colleagues with a desire to do something new. Together, they changed enterprise software and reinvented how business was done. Today, as a market leader in enterprise application software, we remain true to our roots. That’s why we engineer solutions to fuel innovation, foster equality and spread opportunity for our employees and customers across borders and cultures.SAP values the entrepreneurial spirit, fostering creativity and building lasting relationships with our employees. We know that a diverse and inclusive workforce keeps us competitive and provides opportunities for all. We believe that together we can transform industries, grow economics, lift up societies and sustain our environment. Because it’s the best-run businesses that make the world run better and improve people’s lives.SAP UI5 Fiori Development Associate Consultant will be a member of our Solution Delivery Center (SDC) organization. The SAP Solution Delivery Centre (SDC) is responsible for driving customer success as ONE SAP by maximizing the adoption of SAP products across industries with accelerated ‘time-to-value', leveraging global scale and expertise through integrated right shore delivery, focusing on remote, factory services and outcome-based solutions that utilize robust processes and practices. Our team drives value and continuous improvement for our customers using operationally sound processes and basic quality system fundamentals. Providing our consultant’s training, certification, and skill expansion opportunities are key priorities our organization’s success and long-term employee career growth within the SDC.EXPECTATIONS AND TASKSAs a SAP UI5 Fiori Associate Consultant, you will:Design and implement new solutions using SAP’s latest UI5 / Fiori Cloud and Platform technologiesImplement and deploy SAP Fiori applications using HANA Cloud Platform, Web IDE, and SAPUI5Collaborate and innovate with functional and technical teams to deliver qualified applications that meet client requirements and standards.Ensure great test coverage for your code and support the team in completing root cause analysis, providing solutions for development issues, and avoiding any regressions.Develop test plans and automated scripts to assure expected performance quality levels meet standards in development efforts.Collaborate with development teams distributed in different locations including internationally.Ability to manage multiple tasks, work in a team environment, understand and be responsive to project and customer needs while working against deadlines.Build credible relationships with peers and clients, and continuous professional learning of SAP products.Deliver successful projects and positive customer outcomesEDUCATION AND QUALIFICATIONSRecent graduate of an accredited university with a Bachelor’s or Master’s degree in a relevant STEM field including: Software Engineering, Computer Sciences, Information Systems, or other related field.Proficiency in HTML, CSS and JavaScriptExperience in using versioning control system GIT, VS Code or other development IDEsSkills of node.js, SAP UI5, Vue, AngularJS or other UI Frameworks is a plusABAP and JAVA development experience is a plusCompletion of SAP course or project work through academics is a plusTroubleshooting and problem-solving skillsAbility to effectively articulate technical challenges and solutions via presentation and written communicationKnowledge of software development life cycleKnowledge and strong interest and passion for innovation technologiesWHAT YOU GET FROM USSuccess is what you make it. At SAP, we help you make it your own.A career at SAP can open many doors for you. If you’re searching for a company that’s dedicated to your ideas and individual growth, recognizes you for your unique contributions, fills you with a strong sense of purpose, and provides a fun, flexible and inclusive work environment – apply now.SAP'S DIVERSITY COMMITMENTTo harness the power of innovation, SAP invests in the development of its diverse employees. We aspire to leverage the qualities and appreciate the unique competencies that each person brings to the company.SAP is committed to the principles of Equal Employment Opportunity and to providing reasonable accommodations to applicants with physical and/or mental disabilities. If you are interested in applying for employment with SAP and are in need of accommodation or special assistance to navigate our website or to complete your application, please send an e-mail with your request to Recruiting Operations Team. (Americas:Careers.NorthAmerica@sap.com or Careers.LatinAmerica@sap.com, APJ: Careers.APJ@sap.com, EMEA: Careers@sap.com). Requests for reasonable accommodation will be considered on a case-by-case basis. Successful candidates might be required to undergo a background verification with an external vendor.EOE AA M/F/Vet/Disability:Qualified applicants will receive consideration for employment without regard to their age, race, religion, national origin, gender, sexual orientation, gender identity, protected veteran status or disability.Successful candidates might be required to undergo a background verification with an external vendor.",https://www.psginc-us.com/java-developer.html
https://d2q79iu7y748jz.cloudfront.net/s/_logo/90a997e37f45c18f8905ad334b747231,Associate Analytics Consultant - Workforce Analytics & Reporting,SAP,"Minneapolis, MN 55405",,"Requisition ID: 269064Work Area: Customer Service and SupportExpected Travel: 0 - 10%Career Status: GraduateEmployment Type: Regular Full TimeCOMPANY DESCRIPTIONSAP started in 1972 as a team of five colleagues with a desire to do something new. Together, they changed enterprise software and reinvented how business was done. Today, as a market leader in enterprise application software, we remain true to our roots. That’s why we engineer solutions to fuel innovation, foster equality and spread opportunity for our employees and customers across borders and cultures.SAP values the entrepreneurial spirit, fostering creativity and building lasting relationships with our employees. We know that a diverse and inclusive workforce keeps us competitive and provides opportunities for all. We believe that together we can transform industries, grow economics, lift up societies and sustain our environment. Because it’s the best-run businesses that make the world run better and improve people’s lives.THE ROLESAP’s SuccessFactors People Analytics solution is considered the best practice solution for Workforce Analytics (WFA) and Workforce Planning (WFP) and HR Reporting practitioners globally. Our WFA processes extract “Data” from customer’s HRIS systems and we transform it into Workforce “Information” - Management Reports, Planning Forecasts, Benchmarks and a powerful self-service Analytics Platform – this provides our users with the ability to gain business insights and drive impact in their organizations. Our reporting solutions include SAP Analytics Cloud (SAC) technology included as part of the SAP SuccessFactors suite and our WFA solution also has options to extend this capacity beyond HR into Enterprise Analytics.Workforce Analytics and Reporting consultants are responsible for the technical delivery of:Our end-to-end WFA and WFP solutions, the data factory engine behind our Analytics and Planning products, which includes extraction, staging, building our data warehouse, OLAP cubes and automated publishing of information through our cloud applicationsPremium Reporting and Report Story creation across full suite of SAP SuccessFactors modulesInternal and 3rd Party Data Integration into and out of the SAP SuccessFactors Analytics and Reporting solutionsRelevant prior experience will be taken into consideration but is not essential as the successful applicant will be provided with comprehensive training.At SAP SuccessFactors we pride ourselves on being a rewarding place to work. Graduates, Early Career Professionals and Interns with Software Engineering, Database, Programming, Information Systems, Report Building and Math backgrounds are encouraged to apply.EXPECTATIONS AND TASKSData analysisData modeling and preparing datasetsImplementation and testing of change requests to the Analytics solutionDevelopment of premium reports of varying complexityPreparation and updating of technical requirements and specificationsGenerating ad hoc SQL queries for verification purposesUse of MDX for multidimensional queries and measuresUse of APIs and web services – including the SAP SuccessFactors APIDesign and implementation of data integrations using our cloud-based middleware platformDevelop SAP Analytics Cloud stories canvasBuild analytic and planning model visualizationsConfiguration of live data and import data connections and date acquisition in Sap Analytics Cloud environment using generic services and custom OData source typesDevelop and implement testing scenariosDeliver successful projects and positive customer outcomesEDUCATION AND QUALIFICATIONSRecent graduate of an accredited university with a degree in a relevant STEM field including: Software Engineering, Database, Programming, Information Systems, Report Building, Mathematics or other related field.Enthusiasm for innovative technologies, and the use of technology to improve business processes and insightStrong analytical and problem solving skillsKnowledge on basic Database conceptsKnowledge of data modelling and preparing data sets, merging, custom calculations, formatting values dimensions and measuresVersed in data visualization and their usage charts and tablesDetail oriented and methodical with excellent time management skillsAbility to manage multiple projects and multiple deadlinesExcellent written and verbal communication skillsExperience in SQL or JAVA is a plusKnowledge in predictive capabilities, augmented analytics, Smart Assist, Smart Predict are a plusWHAT YOU GET FROM USSuccess is what you make it. At SAP, we help you make it your own.A career at SAP can open many doors for you. If you’re searching for a company that’s dedicated to your ideas and individual growth, recognizes you for your unique contributions, fills you with a strong sense of purpose, and provides a fun, flexible and inclusive work environment – apply now.SAP'S DIVERSITY COMMITMENTTo harness the power of innovation, SAP invests in the development of its diverse employees. We aspire to leverage the qualities and appreciate the unique competencies that each person brings to the company.SAP is committed to the principles of Equal Employment Opportunity and to providing reasonable accommodations to applicants with physical and/or mental disabilities. If you are interested in applying for employment with SAP and are in need of accommodation or special assistance to navigate our website or to complete your application, please send an e-mail with your request to Recruiting Operations Team. (Americas:Careers.NorthAmerica@sap.com or Careers.LatinAmerica@sap.com, APJ: Careers.APJ@sap.com, EMEA: Careers@sap.com). Requests for reasonable accommodation will be considered on a case-by-case basis. Successful candidates might be required to undergo a background verification with an external vendor.EOE AA M/F/Vet/Disability:Qualified applicants will receive consideration for employment without regard to their age, race, religion, national origin, gender, sexual orientation, gender identity, protected veteran status or disability.Successful candidates might be required to undergo a background verification with an external vendor.",https://careers.travelers.com/job/11871266/software-engineer-java-api-sql-agile-us-nationwide/?source=S0623
,Java Developer,,"Plymouth, MN",,"LocationsPlymouth, MNCategoryJob TypeWeb and Application DevelopmentContract-to-hireWe are seeking a full-stack engineer to work as part of a Web and Application development group, developing software using Java, SpringBoot, Spring Data Rest, Angular 7 and Oracle. This engineer will work in a dynamic and highly collaborative scrum team that delivers completed user stories on bi-weekly sprints. We are looking for candidates that are available immediately and can work on-site in our client's Plymouth, MN office.Required Qualifications:Bachelor's Degree or equivalent experienceU.S. Citizen2-3 years Java application design, development and testing experience2-3 years Oracle database development experience2-3 years Java experience with application integration and RESTful APIs1+ years of Angular1+ years IDE experience of Eclipse or IntelliJ1 year of experience using StreamSetSpring Framework Experience –SpringBoot, Spring Data Rest, Spring MVC, Spring Security, Spring JDBC, JPA(Hibernate), NOSQLPreferred Qualifications:Experience with Apache Kafka, Apache Spark and ElasticSearchExperience with Flowable or any workflow and Business Process Management (BPM)Experience with Docker containerizationExperience developing automated tests and deliver high quality code to production within a short development cycle in the Continuous Integration environmentExperience in a scrum team implementing feature functionalityLinux and Tomcat admin experienceExperience using Postman and FiddlerExperience developing WebSphere applicationMaven - Nexus repository usageMaven- dependency management and use of local repositoryMaven -understanding of POM and usage of parent POMs and architecture of new projects using MavenA successful engineer:Writes web application code following best practices of accessibility, internationalization, and instrumentation.Provide thought leadership and proactive engagement on projects to ensure delivery.Encourage teamwork, provide mentoring and coaching to junior developers.Collaborate across IT departments and partner with business areas to improve the delivery of the development project.Able to integrate Legacy systems to various systems using API.Partners closely with business and technology teams to craft great customer experiences.Delivers code in an agile team environment.Is a great team player and excels in collaboration across teams.Drives innovation through rapid iterative development.Has a general understanding of networking such as firewalls and DMZs (preferred) and HTTPS certificates in particular with Java certificate storePeopleGo getter, positive attitude and work ethic a mustGood verbal and written communication skillsConsultative skills – interact and engage with business stakeholdersThis position is 75% technical and 25% interactiveAbility to work with others and ask questions to deliver resultsWork will be done within the context of an Agile/Scrum teamWork in a highly collaborative fashion in an open workspaceNo third parties please.",http://enabledata.com/careers-2/
https://d2q79iu7y748jz.cloudfront.net/s/_squarelogo/69c81a0ba7a28b268f37d4fa0546e4c1,"Software Engineer (Java, API, SQL, Agile)",Travelers,"Saint Paul, MN",,"Company SummaryTaking care of our customers, our communities and each other. That’s the Travelers Promise. By honoring this commitment, we have maintained our reputation as one of the best property casualty insurers in the industry for over 160 years. Join us to discover a culture that is rooted in innovation and thrives on collaboration. Imagine loving what you do and where you do it.Target Openings1Job Description SummaryTravelers is seeking a Software Engineer I to join our organization as we grow and transform our Technology landscape. Individual will complete intermediate end to end engineering tasks for specific system assignments including developing, analyzing, configuring, testing, debugging, troubleshooting, documenting, health monitoring/alerting, and implementing based on user or system design specifications, as well as participating in troubleshooting, conducting impact analysis and escalating appropriately.Primary Job Duties & ResponsibilitiesPerform analysis, design, development, and configuration functions as well as define technical requirements for assignments of intermediate complexity.Participate with team to perform analysis, assessment and resolution for defects and incidents of intermediate complexity and escalate appropriately.Work within guidelines set by team to independently tackle well-scoped problems.Seek opportunities to expand technical knowledge and capabilities.Minimum QualificationsBachelor’s degree or its equivalent in work experience.One year of programming/development experience.Education, Work Experience, & KnowledgeThree years of programming/development experience preferred.Job Specific Technical Skills & CompetenciesExperience with Java and Spring or Spring Boot framework.Experience with webservices (SOAP, REST), web APIs or microservices.Experience with SQL Databases (mySQL, Postgres, Maria).Experience with messaging tools (IBM MQ, RabbitMQ, Kafka, JMS) is preferred.Experience with Git/GitHub/GitLab is preferred.Agile experience preferred.Delivery - Intermediate delivery skills including the ability to deliver work at a steady, predictable pace to achieve commitments, decompose work assignments into small batch releases and contribute to tradeoff and negotiation discussions.Domain Expertise - Demonstrated track record of domain expertise including the ability to understand technical concepts necessary to do the job effectively, demonstrate willingness, cooperation, and concern for business issues and possess in-depth knowledge of immediate systems worked on.Problem Solving - Proven problem solving skills including debugging skills, allowing you to determine source of issues in unfamiliar code or systems and the ability to recognize and solve repetitive problems rather than working around them, recognize mistakes using them as learning opportunities and break down large problems into smaller, more manageable ones.Communication - Strong communication skills with the ability to clearly and concisely interact with team members, document work in a clear, easy to follow manner, collaborate well with team members, take in well- scoped requirements and ask the right questions to ensure clarification, seek out and receive constructive criticism well and listen when others are speaking.Leadership - Intermediate leadership skills with a proven track record of self-motivation in identifying personal growth opportunities.Employment PracticesTravelers is an equal opportunity employer. We value the unique abilities and talents each individual brings to our organization and recognize that we benefit in numerous ways from our differences.If you have questions regarding the physical requirements of this role, please send us an email so we may assist you.Travelers reserves the right to fill this position at a level above or below the level included in this posting.",https://careerportal.ceipal.com/jobs/career/4b17d3264fd9070a5be706c853ccd720/cf55a3f1c3e9436d5febcd736ed7fc43/NQ==
,Data Scientist,,,,"Data scientists perform a critical function for client organizations. They need to have statistical, mathematical, predictive modelling as well as business strategy skills to build the algorithms necessary to ask the right questions and find the right answers.A data scientist understands how to integrate multiple systems and data sets. They need to be able to link and mash up distinctive data sets to discover new insights. This often requires connecting different types of data sets in different forms as well as being able to work with potentially incomplete data sources and cleaning data sets to be able to use them.Candidates need to be able to program, preferably in different programming languages such as Python, R, Java, Ruby, Pig or SQL. In addition, people need to be familiar with disciplines such as natural language processing, machine learning, statistical analysis and predictive modeling. Data scientists often working in a fast-paced multidisciplinary environment so need the ability to autonomously to develop and query databases, perform analysis and create prototypes or demonstration systems.BenefitsEnable Data offers employees the following benefits:Health Insurance401k ContributionPaid Time Off (PTO)Training ReimbursementCertification Reimbursement",http://www.wisdominfotech.com/job/senior-java-back-end-developer-iii/
